﻿<?xml version="1.0" encoding="utf-8"?>
<Project ToolsVersion="15.0" xmlns="http://schemas.microsoft.com/developer/msbuild/2003">
  <PropertyGroup>
    <IncludeCompositeObjects>True</IncludeCompositeObjects>
    <TargetDatabaseName>ArgusChat</TargetDatabaseName>
    <DeployScriptFileName>ArgusChat.sql</DeployScriptFileName>
    <TargetConnectionString>Data Source=.;Initial Catalog=ArgusChat;Integrated Security=SSPI;</TargetConnectionString>
    <ProfileVersionNumber>1</ProfileVersionNumber>
    <BlockOnPossibleDataLoss>False</BlockOnPossibleDataLoss>
  </PropertyGroup>
</Project>